Rank,Word,L2 Norm
1,inc,5.573016
2,competitor,5.3510485
3,price,5.1012526
4,factor,4.9706984
5,filer,4.9295783
